[
  {
    "SemanticVersion": "0.1.0",
    "VersionTag": "",
    "Release": {
      "Major": 0,
      "Minor": 12012,
      "Build": 9000
    }
  },
  {
    "SemanticVersion": "0.5.0",
    "VersionTag": "prerelease",
    "Release": {
      "Major": 0,
      "Minor": 52103,
      "Build": 9000
    }
  },
  {
    "SemanticVersion": "0.5.0",
    "VersionTag": "",
    "Release": {
      "Major": 0,
      "Minor": 52103,
      "Build": 25000
    }
  },
  {
    "SemanticVersion": "0.5.5",
    "VersionTag": "",
    "Release": {
      "Major": 0,
      "Minor": 52104,
      "Build": 15000
    }
  },
  {
    "SemanticVersion": "0.5.6",
    "VersionTag": "",
    "Release": {
      "Major": 0,
      "Minor": 52104,
      "Build": 23000
    }
  },
  {
    "SemanticVersion": "0.5.7",
    "VersionTag": "",
    "Release": {
      "Major": 0,
      "Minor": 52105,
      "Build": 10000
    }
  },
  {
    "SemanticVersion": "0.5.9",
    "VersionTag": "",
    "Release": {
      "Major": 0,
      "Minor": 52107,
      "Build": 26000
    }
  },
  {
    "SemanticVersion": "0.8.0",
    "VersionTag": "preview",
    "Release": {
      "Major": 8000,
      "Minor": 146,
      "Build": 628
    }
  },
  {
    "SemanticVersion": "0.8.0",
    "VersionTag": "",
    "Release": {
      "Major": 8000,
      "Minor": 167,
      "Build": 1906
    }
  },
  {
    "SemanticVersion": "0.8.1",
    "VersionTag": "",
    "Release": {
      "Major": 8001,
      "Minor": 186,
      "Build": 2159
    }
  },
  {
    "SemanticVersion": "0.8.2",
    "VersionTag": "",
    "Release": {
      "Major": 8002,
      "Minor": 222,
      "Build": 1805
    }
  },
  {
    "SemanticVersion": "0.8.3",
    "VersionTag": "",
    "Release": {
      "Major": 8003,
      "Minor": 236,
      "Build": 617
    }
  },
  {
    "SemanticVersion": "0.8.4",
    "VersionTag": "",
    "Release": {
      "Major": 8004,
      "Minor": 256,
      "Build": 1745
    }
  },
  {
    "SemanticVersion": "0.8.5",
    "VersionTag": "",
    "Release": {
      "Major": 8005,
      "Minor": 278,
      "Build": 2204
    }
  },
  {
    "SemanticVersion": "0.8.6",
    "VersionTag": "preview 1",
    "Release": {
      "Major": 8006,
      "Minor": 312,
      "Build": 210
    }
  },
  {
    "SemanticVersion": "0.8.6",
    "VersionTag": "",
    "Release": {
      "Major": 8006,
      "Minor": 337,
      "Build": 137
    }
  },
  {
    "SemanticVersion": "0.8.7",
    "VersionTag": "preview 1",
    "Release": {
      "Major": 8007,
      "Minor": 392,
      "Build": 1938
    }
  },
  {
    "SemanticVersion": "0.8.7",
    "VersionTag": "",
    "Release": {
      "Major": 8007,
      "Minor": 444,
      "Build": 1739
    }
  },
  {
    "SemanticVersion": "0.8.8",
    "VersionTag": "",
    "Release": {
      "Major": 8008,
      "Minor": 474,
      "Build": 6
    }
  },
  {
    "SemanticVersion": "0.8.10",
    "VersionTag": "",
    "Release": {
      "Major": 8010,
      "Minor": 517,
      "Build": 1632
    }
  },
  {
    "SemanticVersion": "0.8.11",
    "VersionTag": "",
    "Release": {
      "Major": 8011,
      "Minor": 562,
      "Build": 1742
    }
  },
  {
    "SemanticVersion": "0.8.12",
    "VersionTag": "",
    "Release": {
      "Major": 8012,
      "Minor": 576,
      "Build": 2303
    }
  },
  {
    "SemanticVersion": "1.0.0",
    "VersionTag": "experimental 1",
    "SdkId": 1,
    "Release": {
      "Major": 0,
      "Minor": 218,
      "Build": 840
    }
  },
  {
    "SemanticVersion": "1.0.0",
    "VersionTag": "preview 1",
    "SdkId": 1,
    "Release": {
      "Major": 0,
      "Minor": 258,
      "Build": 2116
    }
  },
  {
    "SemanticVersion": "1.0.0",
    "VersionTag": "preview 2",
    "SdkId": 1,
    "Release": {
      "Major": 0,
      "Minor": 272,
      "Build": 1934
    }
  },
  {
    "SemanticVersion": "1.0.0",
    "VersionTag": "preview 3",
    "SdkId": 1,
    "Release": {
      "Major": 0,
      "Minor": 297,
      "Build": 2018
    }
  },
  {
    "SemanticVersion": "1.0.0",
    "VersionTag": "",
    "SdkId": 1,
    "Release": {
      "Major": 0,
      "Minor": 319,
      "Build": 455
    }
  },
  {
    "SemanticVersion": "1.0.1",
    "VersionTag": "",
    "SdkId": 1,
    "Release": {
      "Major": 1,
      "Minor": 440,
      "Build": 209
    }
  },
  {
    "SemanticVersion": "1.0.2",
    "VersionTag": "",
    "SdkId": 1,
    "Release": {
      "Major": 2,
      "Minor": 460,
      "Build": 358
    }
  },
  {
    "SemanticVersion": "1.0.3",
    "VersionTag": "",
    "SdkId": 1,
    "Release": {
      "Major": 3,
      "Minor": 469,
      "Build": 1654
    }
  },
  {
    "SemanticVersion": "1.0.4",
    "VersionTag": "",
    "SdkId": 1,
    "Release": {
      "Major": 4,
      "Minor": 528,
      "Build": 1755
    }
  },
  {
    "SemanticVersion": "1.1.0",
    "VersionTag": "preview 1",
    "SdkId": 1,
    "Release": {
      "Major": 1000,
      "Minor": 447,
      "Build": 2307
    }
  },
  {
    "SemanticVersion": "1.1.0",
    "VersionTag": "preview 2",
    "SdkId": 1,
    "Release": {
      "Major": 1000,
      "Minor": 468,
      "Build": 658
    }
  },
  {
    "SemanticVersion": "1.1.0",
    "VersionTag": "preview 3",
    "SdkId": 1,
    "Release": {
      "Major": 1000,
      "Minor": 485,
      "Build": 2229
    }
  },
  {
    "SemanticVersion": "1.1.0",
    "VersionTag": "",
    "SdkId": 1,
    "Release": {
      "Major": 1000,
      "Minor": 516,
      "Build": 2156
    }
  },
  {
    "SemanticVersion": "1.1.1",
    "VersionTag": "",
    "SdkId": 1,
    "Release": {
      "Major": 1001,
      "Minor": 524,
      "Build": 1918
    }
  },
  {
    "SemanticVersion": "1.1.2",
    "VersionTag": "",
    "SdkId": 1,
    "Release": {
      "Major": 1002,
      "Minor": 543,
      "Build": 1943
    }
  },
  {
    "SemanticVersion": "1.1.3",
    "VersionTag": "",
    "SdkId": 1,
    "Release": {
      "Major": 1003,
      "Minor": 565,
      "Build": 600
    }
  },
  {
    "SemanticVersion": "1.1.4",
    "VersionTag": "",
    "SdkId": 1,
    "Release": {
      "Major": 1004,
      "Minor": 584,
      "Build": 2120
    }
  },
  {
    "SemanticVersion": "1.1.5",
    "VersionTag": "",
    "SdkId": 1,
    "Release": {
      "Major": 1005,
      "Minor": 616,
      "Build": 1651
    }
  },
  {
    "SemanticVersion": "1.2.0",
    "VersionTag": "experimental 1",
    "SdkId": 1,
    "Release": {
      "Major": 2000,
      "Minor": 572,
      "Build": 710
    }
  },
  {
    "SemanticVersion": "1.2.0",
    "VersionTag": "experimental 2",
    "SdkId": 1,
    "Release": {
      "Major": 2000,
      "Minor": 616,
      "Build": 1852
    }
  },
  {
    "SemanticVersion": "1.2.0",
    "VersionTag": "preview 1",
    "SdkId": 1,
    "Release": {
      "Major": 2000,
      "Minor": 609,
      "Build": 1413
    }
  },
  {
    "SemanticVersion": "1.2.0",
    "VersionTag": "preview 2",
    "SdkId": 1,
    "Release": {
      "Major": 2000,
      "Minor": 638,
      "Build": 7
    }
  },
  {
    "SemanticVersion": "1.2.0",
    "VersionTag": "",
    "SdkId": 1,
    "Release": {
      "Major": 2000,
      "Minor": 677,
      "Build": 1750
    }
  },
  {
    "SemanticVersion": "1.2.1",
    "VersionTag": "",
    "SdkId": 1,
    "Release": {
      "Major": 2000,
      "Minor": 684,
      "Build": 1510
    }
  },
  {
    "SemanticVersion": "1.2.2",
    "VersionTag": "",
    "SdkId": 1,
    "Release": {
      "Major": 2000,
      "Minor": 707,
      "Build": 2303
    }
  },
  {
    "SemanticVersion": "1.2.3",
    "VersionTag": "",
    "SdkId": 1,
    "Release": {
      "Major": 2000,
      "Minor": 747,
      "Build": 1945
    }
  },
  {
    "SemanticVersion": "1.2.4",
    "VersionTag": "",
    "SdkId": 1,
    "Release": {
      "Major": 2000,
      "Minor": 777,
      "Build": 2143
    }
  },
  {
    "SemanticVersion": "1.2.5",
    "VersionTag": "",
    "SdkId": 1,
    "Release": {
      "Major": 2000,
      "Minor": 802,
      "Build": 31
    }
  },
  {
    "SemanticVersion": "1.3.0",
    "VersionTag": "experimental 1",
    "SdkId": 1,
    "Release": {
      "Major": 3000,
      "Minor": 763,
      "Build": 701
    }
  },
  {
    "SemanticVersion": "1.3.0",
    "VersionTag": "preview 1",
    "SdkId": 1,
    "Release": {
      "Major": 3000,
      "Minor": 788,
      "Build": 1817
    }
  },
  {
    "SemanticVersion": "1.3.0",
    "VersionTag": "",
    "SdkId": 1,
    "Release": {
      "Major": 3000,
      "Minor": 820,
      "Build": 152
    }
  },
  {
    "SemanticVersion": "1.3.1",
    "VersionTag": "",
    "SdkId": 1,
    "Release": {
      "Major": 3000,
      "Minor": 851,
      "Build": 1712
    }
  },
  {
    "SemanticVersion": "1.3.2",
    "VersionTag": "",
    "SdkId": 1,
    "Release": {
      "Major": 3000,
      "Minor": 882,
      "Build": 2207
    }
  },
  {
    "SemanticVersion": "1.3.3",
    "VersionTag": "",
    "SdkId": 1,
    "Release": {
      "Major": 3000,
      "Minor": 934,
      "Build": 1904
    }
  },
  {
    "SemanticVersion": "1.4.0",
    "VersionTag": "experimental 1",
    "SdkId": 1,
    "Release": {
      "Major": 4000,
      "Minor": 868,
      "Build": 150
    }
  },
  {
    "SemanticVersion": "1.4.0",
    "VersionTag": "preview 1",
    "SdkId": 1,
    "Release": {
      "Major": 4000,
      "Minor": 908,
      "Build": 1749
    }
  },
  {
    "SemanticVersion": "1.4.0",
    "VersionTag": "preview 2",
    "SdkId": 1,
    "Release": {
      "Major": 4000,
      "Minor": 952,
      "Build": 1501
    }
  },
  {
    "SemanticVersion": "1.4.0",
    "VersionTag": "",
    "SdkId": 1,
    "Release": {
      "Major": 4000,
      "Minor": 964,
      "Build": 11
    }
  },
  {
    "SemanticVersion": "1.4.1",
    "VersionTag": "",
    "SdkId": 1,
    "Release": {
      "Major": 4000,
      "Minor": 986,
      "Build": 611
    }
  },
  {
    "SemanticVersion": "1.4.2",
    "VersionTag": "",
    "SdkId": 1,
    "Release": {
      "Major": 4000,
      "Minor": 1010,
      "Build": 1349
    }
  },
  {
    "SemanticVersion": "1.4.3",
    "VersionTag": "",
    "SdkId": 1,
    "Release": {
      "Major": 4000,
      "Minor": 1049,
      "Build": 117
    }
  },
  {
    "SemanticVersion": "1.4.4",
    "VersionTag": "",
    "SdkId": 1,
    "Release": {
      "Major": 4000,
      "Minor": 1082,
      "Build": 2259
    }
  },
  {
    "SemanticVersion": "1.4.5",
    "VersionTag": "",
    "SdkId": 1,
    "Release": {
      "Major": 4000,
      "Minor": 1136,
      "Build": 2333
    }
  },
  {
    "SemanticVersion": "1.4.6",
    "VersionTag": "",
    "SdkId": 1,
    "Release": {
      "Major": 4000,
      "Minor": 1227,
      "Build": 1637
    }
  },
  {
    "SemanticVersion": "1.4.7",
    "VersionTag": "",
    "SdkId": 1,
    "Release": {
      "Major": 4000,
      "Minor": 1309,
      "Build": 2056
    }
  },
  {
    "SemanticVersion": "1.5.0",
    "VersionTag": "experimental 1",
    "SdkId": 1,
    "Release": {
      "Major": 5000,
      "Minor": 1066,
      "Build": 33
    }
  },
  {
    "SemanticVersion": "1.5.0",
    "VersionTag": "experimental 2",
    "SdkId": 1,
    "Release": {
      "Major": 5000,
      "Minor": 23,
      "Build": 1950
    }
  },
  {
    "SemanticVersion": "1.5.0",
    "VersionTag": "preview 1",
    "SdkId": 1,
    "Release": {
      "Major": 5000,
      "Minor": 35,
      "Build": 2034
    }
  },
  {
    "SemanticVersion": "1.5.0",
    "VersionTag": "",
    "SdkId": 1,
    "Release": {
      "Major": 5001,
      "Minor": 58,
      "Build": 448
    }
  },
  {
    "SemanticVersion": "1.5.1",
    "VersionTag": "",
    "SdkId": 1,
    "Release": {
      "Major": 5001,
      "Minor": 70,
      "Build": 1338
    }
  },
  {
    "SemanticVersion": "1.5.2",
    "VersionTag": "",
    "SdkId": 1,
    "Release": {
      "Major": 5001,
      "Minor": 95,
      "Build": 533
    }
  },
  {
    "SemanticVersion": "1.5.3",
    "VersionTag": "",
    "SdkId": 1,
    "Release": {
      "Major": 5001,
      "Minor": 119,
      "Build": 156
    }
  },
  {
    "SemanticVersion": "1.5.4",
    "VersionTag": "",
    "SdkId": 1,
    "Release": {
      "Major": 5001,
      "Minor": 159,
      "Build": 55
    }
  },
  {
    "SemanticVersion": "1.5.5",
    "VersionTag": "",
    "SdkId": 1,
    "Release": {
      "Major": 5001,
      "Minor": 178,
      "Build": 1908
    }
  },
  {
    "SemanticVersion": "1.5.6",
    "VersionTag": "",
    "SdkId": 1,
    "Release": {
      "Major": 5001,
      "Minor": 214,
      "Build": 1843
    }
  },
  {
    "SemanticVersion": "1.5.7",
    "VersionTag": "",
    "SdkId": 1,
    "Release": {
      "Major": 5001,
      "Minor": 275,
      "Build": 500
    }
  },
  {
    "SemanticVersion": "1.5.8",
    "VersionTag": "",
    "SdkId": 1,
    "Release": {
      "Major": 5001,
      "Minor": 311,
      "Build": 2039
    }
  },
  {
    "SemanticVersion": "1.5.9",
    "VersionTag": "",
    "SdkId": 1,
    "Release": {
      "Major": 5001,
      "Minor": 373,
      "Build": 1736
    }
  },
  {
    "SemanticVersion": "1.6.0",
    "VersionTag": "experimental 1",
    "SdkId": 1,
    "Release": {
      "Major": 6000,
      "Minor": 152,
      "Build": 7
    }
  },
  {
    "SemanticVersion": "1.6.0",
    "VersionTag": "experimental 2",
    "SdkId": 1,
    "Release": {
      "Major": 6000,
      "Minor": 183,
      "Build": 650
    }
  },
  {
    "SemanticVersion": "1.6.0",
    "VersionTag": "preview 1",
    "SdkId": 1,
    "Release": {
      "Major": 6000,
      "Minor": 219,
      "Build": 2254
    }
  },
  {
    "SemanticVersion": "1.6.0",
    "VersionTag": "preview 2",
    "SdkId": 1,
    "Release": {
      "Major": 6000,
      "Minor": 234,
      "Build": 357
    }
  },
  {
    "SemanticVersion": "1.6.0",
    "VersionTag": "",
    "SdkId": 1,
    "Release": {
      "Major": 6000,
      "Minor": 242,
      "Build": 101
    }
  },
  {
    "SemanticVersion": "1.6.1",
    "VersionTag": "",
    "SdkId": 1,
    "Release": {
      "Major": 6000,
      "Minor": 266,
      "Build": 2241
    }
  },
  {
    "SemanticVersion": "1.6.2",
    "VersionTag": "",
    "SdkId": 1,
    "Release": {
      "Major": 6000,
      "Minor": 311,
      "Build": 13
    }
  },
  {
    "SemanticVersion": "1.6.3",
    "VersionTag": "",
    "SdkId": 1,
    "Release": {
      "Major": 6000,
      "Minor": 318,
      "Build": 2304
    }
  },
  {
    "SemanticVersion": "1.6.4",
    "VersionTag": "",
    "SdkId": 1,
    "Release": {
      "Major": 6000,
      "Minor": 373,
      "Build": 1641
    }
  },
  {
    "SemanticVersion": "1.7.0",
    "VersionTag": "experimental 1",
    "SdkId": 1,
    "Release": {
      "Major": 7000,
      "Minor": 319,
      "Build": 425
    }
  },
  {
    "SemanticVersion": "1.7.0",
    "VersionTag": "experimental 2",
    "SdkId": 1,
    "Release": {
      "Major": 7000,
      "Minor": 374,
      "Build": 1654
    }
  }
]